<?xml version="1.0" encoding="UTF-8" ?>
<!DOCTYPE mapper PUBLIC "-//mybatis.org//DTD Mapper 3.0//EN" 
	"http://mybatis.org/dtd/mybatis-3-mapper.dtd">

<mapper namespace="com.ssafy.ws.model.repo.BookRepo">

	<select id="getTotalSearchCount" parameterType="searchCondition" resultType="int">
		select count(isbn)
		from book
		<if test="word != null and word != ''">
			<if test="key == 'subject'">
				where title like concat('%', #{word}, '%')
			</if>
			<if test="key != 'subject'">
				where ${key} = #{word}
			</if>
		</if>
	</select>

	<select id="search" parameterType="searchCondition"	resultType="book">
		select isbn, title, author, price, content
		from book
		<if test="word != null and word != ''">
			<if test="key == 'title'">
				where title like concat('%', #{word}, '%')
			</if>
			<if test="key != 'title'">
				where ${key} = #{word}
			</if>
		</if>
		<if test="orderBy == 'none'">
			<if test="orderByDir == 'asc'">
				order by price asc
			</if>
			<if test="orderByDir == 'desc'">
				order by price desc
			</if>
		</if>
		<if test="orderBy != 'none'">
			<if test="orderByDir == 'asc'">
				order by ${key} asc
			</if>
			<if test="orderByDir == 'desc'">
				order by ${key} desc
			</if>
		</if>
		limit #{offset}, #{countPerPage}
	</select>
	<select id="select" parameterType="string" resultType="book">
		select *
		from book
		where isbn = #{isbn}
	</select>
	<insert id="insert" parameterType="book">
		insert into book(isbn, title,
		author, price, content)
		values (#{isbn}, #{title}, #{author}, #{price},
		#{content})
	</insert>
	<update id="update" parameterType="book">
		update book
		set title =
		#{title}, author =#{author}, price = #{price}, content = #{content}
		where isbn = #{isbn}
	</update>
	<delete id="delete" parameterType="string">
		delete from book
		where isbn =
		#{isbn}
	</delete>

</mapper>